INSERT INTO cliente 
	(nome, prenome, sobrenome, CPF, contato, logradouro, bairro, cidade, UF) VALUES 
    ('Renato', 'A.', 'Moreira', '12506987827', '(11) 94216-7473', 'Rua Niemeyer nº 375', 'Vila Rio Branco', 'São Paulo', 'SP'),
	('Ana', 'B.', 'Silva', '12777285879', '(11) 83838-8312', 'Avenida Paulista, 123', 'Bela Vista', 'São Paulo', 'SP'),   
	('Carlos', 'C.', 'Oliveira', '15119201341', '(31) 12345-6789', 'Rua das Flores, 55', 'Jardim Botânico', 'Belo Horizonte', 'MG'),
	('Mariana', 'D.', 'Almeida', '19433988542', '(31) 59460-7095', 'Avenida Beira-Rio, 789', 'Centro', 'Uberlandia', 'MG'),
	('Rodrigo', 'E.', 'Santos', '11613076493', '(21) 22596-3083', 'Rua das Árvores, 456', 'Jardim das Flores', 'Rio de Janeiro', 'RJ'),
	('Patricia', 'F.', 'Costa', '15193484767', '(11) 65051-1519', 'Avenida dos Coqueiros, 789', 'Coco', 'Guarulhos', 'SP'),
	('Eduardo', 'G.', 'Ribeiro', '15013564777', '(21) 81982-5301', 'Rua do Recife, 123', 'Terra Santa', 'Nova Friburgo', 'RJ'),
	('Fernanda', 'H.', 'Pereira', '17206816206', '(21) 51602-7621', 'Quadra 303 Sul, 456', 'Centro', 'Nilópolis', 'RJ'),
	('Guilherme', 'I.', 'Lima', '15800955304', '(31) 52542-3236', 'Avenida Central, 789', 'Setor Bueno', 'Belo Horizonte', 'MG'),
	('Juliana', 'J.', 'Martins', '13539854602', '(21) 61573-5163', 'Rua Principal, 123', 'Centro', 'Rio de Janeiro', 'RJ'),
	('Leandro', 'K.', 'Oliveira', '19405703388', '(31) 59201-4498', 'Alameda das Palmeiras, 456', 'Jardim das Palmeiras', 'Juiz de Fora', 'MG'),
	('Luciana', 'L.', 'Campos', '12018605538', '(11) 35458-9274', 'Avenida do Cerrado, 789', 'Centro', 'Campinas', 'SP'),
	('Felipe', 'M.', 'Santana', '14241564171', '(27) 98765-4321', 'Rua das Montanhas, 123', 'Jardim das Montanhas', 'Vitória', 'ES'),
	('Viviane', 'N.', 'Oliveira', '16375053589', '(21) 30556-5696', 'Avenida da Amazônia, 456', 'Floresta', 'Belford Roxo', 'RJ'),
	('Rafael', 'O.', 'Souza', '16680534406', '(27) 71421-1110', 'Rua do Rio Negro, 789', 'Adrianópolis', 'Linhares', 'ES'),
	('Camila', 'P.', 'Alves', '15648000756', '(11) 73445-9675', 'Avenida dos Ipês, 123', 'Jardim das Flores', 'Sorocaba', 'SP'),
	('Bruno', 'Q.', 'Silva', '12547098731', '(31) 75187-4324', 'Travessa do Sol, 456', 'Centro', 'Contagem', 'MG'),
	('Isabela', 'R.', 'Cruz', '17611409519', '(27) 49943-0567', 'Avenida dos Girassóis, 789', 'Setor Sul', 'Vila Velha', 'ES'),
	('Thiago', 'S.', 'Pereira', '16331420185', '(31) 40888-7003', 'Rua das Palmas, 123', 'Centro', 'Governador Valadares', 'MG'),
	('Larissa', 'T.', 'Mendes', '16509773583', '(11) 46008-0375', 'Avenida das Acácias, 456', 'Gonzaga', 'Santos', 'SP');
-- -------------------------------------------------------------------------------------------------------------  
INSERT INTO estoque 
(local, quantidade, item) VALUES
	('mecanica - Prateleira A-1', '45', 'Filtro de Óleo'),
	('mecanica - Prateleira A-2', '60', 'Pastilhas de Freio'),
	('mecanica - Prateleira A-3', '50', 'Correia Dentada'),
	('mecanica - Prateleira A-4', '30', 'Bateria de Carro'),
	('mecanica - Prateleira A-5', '75', 'Amortecedores'),
	('mecanica - Prateleira B-1', '95', 'Sensor de Oxigênio'),
	('mecanica - Prateleira B-2', '90', 'Velas de Ignição'),
	('mecanica - Prateleira B-3', '20', 'Radiador'),
	('mecanica - Prateleira B-4', '50', 'Jogo de Embreagem'),
	('mecanica - Prateleira B-5', '85', 'Valvula Solenoid');
-- -------------------------------------------------------------------------------------------------------------  
INSERT INTO estoque 
(local, quantidade, item) VALUES
	('eletrica - Prateleira C-1', '30', 'Alternador'),
	('eletrica - Prateleira C-2', '20', 'Motor de Partida'),
	('eletrica - Prateleira C-3', '35', 'Sensor de Temperatura do Motor'),
	('eletrica - Prateleira C-4', '60', 'Interruptor de Ignição'),
	('eletrica - Prateleira C-5', '95', 'Fusíveis'),
	('eletrica - Prateleira D-1', '90', 'Relé de Partida'),
	('eletrica - Prateleira D-2', '20', 'Farol Principal'),
	('eletrica - Prateleira D-3', '30', 'Lanterna Traseira'),
	('eletrica - Prateleira D-4', '40', 'Sistema de Áudio (Rádio/CD Player'),
	('eletrica - Prateleira D-5', '25', 'Motor do Limpador do Para_brisa');
-- -------------------------------------------------------------------------------------------------------------  
INSERT INTO estoque 
(local, quantidade, item) VALUES
	('funilaria - Prateleira E-1', '20', 'Para-choque dianteiro'),
	('funilaria - Prateleira E-2', '20', 'Para-choque traseiro'),
	('funilaria - Prateleira E-3', '60', 'Tinta Automotiva'),
	('funilaria - Prateleira E-4', '60', 'Verniz'),
	('funilaria - Prateleira E-5', '40', 'Massa Plástica'),
	('funilaria - Prateleira F-1', '50', 'Primer Automotivoa'),
	('funilaria - Prateleira F-2', '83', 'Lixa Automotiva'),
	('funilaria - Prateleira F-3', '30', 'Cera Protetora'),
	('funilaria - Prateleira F-4', '30', 'Moldura do Farol'),
	('funilaria - Prateleira F-5', '25', 'Pára-lama traseiro');
-- -------------------------------------------------------------------------------------------------------------  
INSERT INTO funcionarios (nome, cargo) VALUES
	('Marcos da Silva Santos', 'Mecânico Sênior'),
	('João Oliveira Lima', 'Mecânico Sênior'),
	('Ana Paula Pereira Costa', 'Mecânico Pleno'),
	('Marcos Santos Rocha', 'Mecânico Pleno'),
	('Camilo Oliveira Souza', 'Mecânico Pleno'),
	('Rafael Almeida Silva', 'Mecânico Pleno'),
	('Juliano Pereira Martins', 'Especialista em Transmissão'),
	('Thiago Lima Oliveira', 'Especialista em Transmissão'),
	('Larissa Costa Rodrigues', 'Técnico em Injeção Eletrônica'),
	('Lucas Santos Silva', 'Técnico em Injeção Eletrônica'),
	('Gabriel Almeida Oliveira', 'Supervisor Mecânico'),
	('André Martins Lima', 'Auxiliar de Mecânico'),
	('Fernanda Silva Rocha', 'Auxiliar de Mecânico'),
	('Pedro Oliveira Alves', 'Funileiro Sênior'),
	('Isaque Lima Costa', 'Supervidor de Funilaria'),
	('Gustavo Rodrigues Santos', 'Funileiro Pleno'),
	('Vanderley Alves Silva', 'Funileiro Pleno'),
	('Eduardo Lima Martins', 'Pintor'),
	('Bruna Rocha Oliveira', 'Pintor'),
	('Bruno Santos Pereira', 'Auxiliar de Funilaria'),
	('Carolina Martins Almeida', 'Auxiliar de Funilaria'),
	('Victor Silva Lima', 'Supervisor Elétrica'),
	('Marina Oliveira Santos', 'Eletricista Sênior'),
	('Felipe Costa Rocha', 'Eletricista Sênior'),
	('Jorge Almeida Oliveira', 'Eletricista Sênior'),
	('Gabriel Pereira Martins', 'Eletricista Pleno'),
	('Aline Lima Alves', 'Eletricista Pleno'),
	('Daniel Santos Silva', 'Auxiliar de Eletrica'),
	('Jéssica Rocha Costa', 'Técnico de Eletronica'),
	('Leandro Oliveira Lima', 'Auxiliar de Eletrica');
-- -------------------------------------------------------------------------------------------------------------  
INSERT INTO equipe_manutencao (equipe) VALUES
	('equipe mecânica-A'),
	('equipe mecânica-B'),
	('equipe mecânica-C'),
	('equipe elétrica-A'),
	('equipe elétrica-B'),
	('equipe elétrica-C'),
	('equipe funilaria-A'),
	('equipe funilaria-B');
-- -------------------------------------------------------------------------------------------------------------  
INSERT INTO orcamento 
	(aprovacao_cliente, detalhes, valor) VALUES
	('aprovado', 'Reparo no sistema de freios', 300.50),
	('reprovado', 'Troca de lâmpadas do farol', 50.00),
	('aprovado', 'Substituição da correia dentada', 200.75),
	('aprovado', 'Pintura do para-choque dianteiro', 150.00),
	('reprovado', 'Revisão geral', 100.00),
	('aprovado', 'Troca de óleo e filtro', 80.25),
	('reprovado', 'Reparo na parte elétrica', 120.00),
	('aprovado', 'Balanceamento e alinhamento', 70.50),
	('aprovado', 'Reparo no sistema de ar condicionado', 180.00),
	('reprovado', 'Substituição da bateria', 90.75),
	('aprovado', 'Reparo na suspensão', 250.00),
	('aprovado', 'Troca de pneus', 320.00),
	('reprovado', 'Manutenção no sistema de transmissão', 200.50),
	('aprovado', 'Pintura completa do veículo', 500.00),
	('aprovado', 'Reparo no sistema de injeção eletrônica', 150.25),
	('reprovado', 'Troca do filtro de ar', 30.00),
	('aprovado', 'Reparo no sistema de escapamento', 80.50),
	('aprovado', 'Troca das pastilhas de freio', 120.00),
	('reprovado', 'Revisão do sistema de ignição', 90.75),
	('aprovado', 'Reparo no sistema de direção', 180.00),
	('aprovado', 'Troca das velas de ignição', 40.25),
	('reprovado', 'Reparo no sistema de refrigeração', 200.00),
	('aprovado', 'Pintura do capô', 100.50),
	('reprovado', 'Reparo na embreagem', 150.00),
	('aprovado', 'Troca do filtro de combustível', 60.75),
	('aprovado', 'Reparo no sistema de partida', 80.00),
	('reprovado', 'Troca da bomba de combustível', 130.50),
	('aprovado', 'Reparo no sistema de iluminação', 70.00),
	('aprovado', 'Troca do sensor de temperatura', 45.25),
	('reprovado', 'Manutenção no sistema de travagem', 110.00);  
-- -------------------------------------------------------------------------------------------------------------   
INSERT INTO tabela_precos 
	(servico, preco) VALUES
	('Reparo no sistema de freios', 300.50),
	('Troca de lâmpadas do farol', 50.00),
	('Substituição da correia dentada', 200.75),
	('Pintura do para-choque dianteiro', 150.00),
	('Revisão geral', 100.00),
	('Troca de óleo e filtro', 80.25),
	('Reparo na parte elétrica', 120.00),
	('Balanceamento e alinhamento', 70.50),
	('Reparo no sistema de ar condicionado', 180.00),
	('Substituição da bateria', 90.75),
	('Reparo na suspensão', 250.00),
	('Troca de pneus', 320.00),
	('Manutenção no sistema de transmissão', 200.50),
	('Pintura completa do veículo', 500.00),
	('Reparo no sistema de injeção eletrônica', 150.25),
	('Troca do filtro de ar', 30.00),
	('Reparo no sistema de escapamento', 80.50),
	('Troca das pastilhas de freio', 120.00),
	('Revisão do sistema de ignição', 90.75),
	('Reparo no sistema de direção', 180.00),
	('Troca das velas de ignição', 40.25),
	('Reparo no sistema de refrigeração', 200.00),
	('Pintura do capô', 100.50),
	('Reparo na embreagem', 150.00),
	('Troca do filtro de combustível', 60.75),
	('Reparo no sistema de partida', 80.00),
	('Troca da bomba de combustível', 130.50),
	('Reparo no sistema de iluminação', 70.00),
	('Troca do sensor de temperatura', 45.25),
	('Manutenção no sistema de travagem', 110.00);  
-- -------------------------------------------------------------------------------------------------------------  
INSERT INTO pagamento 
	(ID_ordem_servico, tipo_pagamento, valor) VALUES
    (31, 'Pix', 250.00),
    (32, 'Cartão', 100.50),
    (33, 'Espécie', 300.75),
    (34, 'Cartão', 150.00),
    (35, 'Pix', 200.25),
    (36, 'Cartão', 120.00),
    (37, 'Espécie', 80.50),
    (38, 'Pix', 180.00),
    (39, 'Cartão', 90.75),
    (40, 'Pix', 320.00),
    (41, 'Espécie', 200.50),
    (42, 'Cartão', 500.00),
    (43, 'Pix', 150.25),
    (44, 'Espécie', 30.00),
    (45, 'Cartão', 80.50),
    (46, 'Pix', 120.00),
    (47, 'Espécie', 90.75),
    (48, 'Cartão', 180.00),
    (49, 'Pix', 40.25),
    (50, 'Espécie', 200.00),
    (51, 'Cartão', 100.50),
    (52, 'Pix', 150.00),
    (53, 'Espécie', 60.75),
    (54, 'Cartão', 80.00),
    (55, 'Pix', 130.50),
    (56, 'Espécie', 70.00),
    (57, 'Cartão', 45.25),
    (58, 'Pix', 110.00),
    (59, 'Espécie', 140.25),
    (60, 'Cartão', 190.50);
-- -------------------------------------------------------------------------------------------------------------    
    INSERT INTO ordem_servico 
	(ID_veiculo, data, tipo_manutencao) VALUES
	(1, '2023-10-04', 'Preventiva'),
	(2, '2023-10-04', 'Preventiva'),
	(3, '2023-10-06', 'Funilaria'),
	(4, '2023-10-08', 'Preventiva'),
	(5, '2023-10-11', 'Corretiva'),
	(6, '2023-10-15', 'Preventiva'),	
	(7, '2023-10-17', 'Funilaria'),
	(8, '2023-10-19', 'Funilaria'),	
	(9, '2023-10-23', 'Preventiva'),
	(10, '2023-10-25', 'Funilaria'),
	(11, '2023-10-28', 'Funilaria'),
	(12, '2023-10-30', 'Corretiva'),
	(13, '2023-11-03', 'Detectiva'),
	(14, '2023-11-07', 'Preventiva'),
	(15, '2023-11-08', 'Detectiva'),
	(16, '2023-11-12', 'Corretiva'),  
	(17, '2023-11-16', 'Detectiva'),
	(18, '2023-11-19', 'Funilaria'),
	(19, '2023-11-21', 'Detectiva'),
	(20, '2023-11-23', 'Preventiva'),
	(21, '2023-11-27', 'Funilaria'),
	(22, '2023-11-29', 'Preventiva'),
	(23, '2023-11-01', 'Preventiva'),
	(24, '2023-11-18', 'Funilaria'),
	(25, '2023-11-25', 'Preventiva'),
	(26, '2023-10-10', 'Preventiva'),
	(27, '2023-10-20', 'Corretiva'),
	(28, '2023-12-01', 'Funilaria'),
	(29, '2023-12-02', 'Preventiva'),
	(30, '2023-12-04', 'Preventiva');
-- -------------------------------------------------------------------------------------------------------------      
INSERT INTO veiculo 
	(ID_cliente, marca, modelo, ano, placa)VALUES
    (1, 'Toyota', 'Corolla', 2019, 'ABC1234'),
    (2, 'Honda', 'Civic', 2020, 'XYZ5678'),
    (3, 'Ford', 'Focus', 2018, 'DEF9012'),
    (4, 'Chevrolet', 'Cruze', 2021, 'GHI3456'),
    (5, 'Volkswagen', 'Golf', 2017, 'JKL7890'),
    (6, 'Hyundai', 'Elantra', 2019, 'MNO123'),
    (7, 'Nissan', 'Sentra', 2022, 'PQR567'),
    (8, 'BMW', '320i', 2020, 'STU8901'),
    (9, 'Mercedes-Benz', 'C-Class', 2018, 'VWX234'),
    (10, 'Audi', 'A4', 2021, 'YZA567'),
    (11, 'Subaru', 'Impreza', 2017, 'BCD890'),
    (12, 'Mazda', '3', 2019, 'EFG123'),
    (13, 'Kia', 'Optima', 2020, 'HIJ456'),
    (14, 'Jeep', 'Cherokee', 2018, 'KLM789'),
    (15, 'Tesla', 'Model 3', 2022, 'NOP012'),
    (16, 'Ferrari', '488 GTB', 2021, 'QRS345'),
    (17, 'Lamborghini', 'Huracan', 2017, 'TUV678'),
    (18, 'Porsche', '911', 2019, 'WXY901'),
    (19, 'Jaguar', 'XE', 2020, 'ZAB234'),
    (20, 'Land Rover', 'Discovery', 2018, 'CDE567'),
    (07, 'Lexus', 'IS', 2021, 'FGH890'),
    (09, 'Volvo', 'S60', 2017, 'IJK123'),
    (11, 'Mini', 'Cooper', 2019, 'LMN456'),
    (13, 'Smart', 'ForTwo', 2020, 'OPQ789'),
    (15, 'Buick', 'Regal', 2018, 'RST012'),
    (17, 'Chrysler', '300', 2022, 'UVW345'),
    (19, 'Dodge', 'Charger', 2021, 'XYZ678'),
    (3, 'Ram', '1500', 2017, 'ABC901'),
    (5, 'GMC', 'Yukon', 2019, 'DEF234'),
    (7, 'Cadillac', 'CTS', 2020, 'GHI5w67');
    
INSERT INTO funcionarios_equipe
(ID_funcionarios, ID_equipe_manutencao, equipe) VALUES
	(1, 1, 'equipe mecânica-A'),
	(3, 1, 'equipe mecânica-A'),
	(7, 1, 'equipe mecânica-A'),
	(9, 1, 'equipe mecânica-A'),
	(12, 1, 'equipe mecânica-A'),
	(4, 2, 'equipe mecânica-B'),
	(8, 2, 'equipe mecânica-B'),
	(13, 2, 'equipe mecânica-B'),
	(5, 3, 'equipe mecânica-C'),
	(2, 3, 'equipe mecânica-C'),
	(6, 3, 'equipe mecânica-C'),
	(10, 3, 'equipe mecânica-C'),
	(14, 4, 'equipe funilaria-A'),
	(18, 7, 'equipe funilaria-A'),
	(20, 7, 'equipe funilaria-A'),
	(15, 7, 'equipe funilaria-A'),
	(16, 8, 'equipe funilaria-B'),
	(17, 8, 'equipe funilaria-B'),
	(19, 8, 'equipe funilaria-B'),
	(21, 8, 'equipe funilaria-B'),
	(22, 4, 'equipe elétrica-A'),
	(23, 4, 'equipe elétrica-A'),
	(29, 4, 'equipe elétrica-A'),
	(24, 5, 'equipe elétrica-B'),
	(26, 5, 'equipe elétrica-B'),
	(28, 5, 'equipe elétrica-B'),
	(26, 6, 'equipe elétrica-C'),
	(25, 6, 'equipe elétrica-C'),
	(27, 6, 'equipe elétrica-C'),
    (30, 6, 'equipe elétrica-C');
    
INSERT INTO precos_orcamento
(ID_tabela_precos, ID_ordem_servico) VALUES
	(1, 35),
	(2, 34),
	(3, 33),
    (4, 32),
	(5, 61),
	(6, 31),
	(7, 39),
	(8, 38),
	(9, 37),
	(10, 36),
	(11, 41),
	(12, 40),
	(13, 49),
	(14, 47),
	(15, 48),
	(16, 45),
	(17, 46),
	(18, 51),
	(19, 53),
	(20, 52),
	(21, 54),
	(22, 52),
	(23, 43),
	(24, 44),
	(25, 57),
	(26, 56),
	(27, 55),
	(28, 59),
	(29, 60),
	(30, 58);

   